job_id,job_title,job_description,job_location,minimum_experience,maximum_experience,required_education,required_skills,job_posted_date,job_closed_date,allocated_salary
1,ML Engineer,Summer I bad lose since.,Dallas,3.0,8.0,PhD,"Databricks, Kubernetes, Snowflake, Docker",2025-10-20,,114947
2,DevOps Engineer,Design identify medical series sign. Arm actually sit race. Experience behavior value fly loss.,Houston,0.0,7.0,Bachelor's,"Kafka, Docker, Power BI, Airflow",2025-08-08,,161796
3,Data Architect,Number then send skill cold TV bit. Yeah hard bit quite memory hot weight father.,Seattle,3.0,6.0,Bachelor's,"Airflow, Snowflake, Kubernetes, SQL",2025-09-25,,84479
4,DevOps Engineer,Federal his ball property allow. Newspaper forget this go administration prepare town sound. Out would money bar food anyone.,Chicago,3.0,7.0,Bachelor's,"AWS, Git, Docker, Spark",2025-07-31,,143296
5,Data Analyst,Carry including through voice feel someone every protect. Room range yard several.,Chicago,3.0,8.0,Master's,"Power BI, AWS, SQL, Git",2025-10-09,,152646
6,Data Engineer,On throw daughter rule debate scientist share. Mrs without level someone only second country. Staff military member simple.,Dallas,1.0,5.0,Bachelor's,"Snowflake, Kafka, Azure, AWS",2025-11-25,,136949
7,Software Engineer,Partner let audience street. Morning go establish fire help.,Dallas,1.0,6.0,Master's,"Snowflake, AWS, Python, Kubernetes",2025-07-25,,138039
8,Cloud Engineer,Quite decide data agreement produce mention. Spring suggest parent treatment administration feel local prove. Support man card affect sell region wife.,Chicago,2.0,7.0,PhD,"SQL, Power BI, Snowflake, Spark",2026-03-02,,144528
9,Software Engineer,Live drug must prepare keep. Rest example best world morning sing. Apply charge service draw two. Bed hospital per.,Austin,1.0,4.0,PhD,"Docker, Azure, Airflow, Kafka",2025-11-07,,156735
10,ML Engineer,Focus yard pay if material watch. Approach within on. Such draw deep not population pressure opportunity.,Houston,2.0,6.0,Master's,"Git, Terraform, Databricks, AWS",2025-08-12,,144232
11,QA Engineer,Develop success big hope personal tough. Bar boy bad we movie lawyer training sell.,Seattle,3.0,7.0,Bachelor's,"Terraform, Snowflake, SQL, Git",2026-01-24,,176635
12,Software Engineer,Trip room full no his travel drop. Suggest lay magazine since stage. Old interesting little these heavy.,Austin,3.0,7.0,PhD,"SQL, Python, Airflow, Spark",2025-11-18,,96645
13,Software Engineer,Among group news daughter. Different similar about conference white. Wear itself professional near again.,Austin,3.0,5.0,Bachelor's,"Git, Spark, Docker, Python",2025-11-05,,178994
14,QA Engineer,Expert reality bed next commercial. Trouble write risk model. Top magazine something throw.,Houston,0.0,7.0,Master's,"Kubernetes, AWS, Spark, Kafka",2025-11-23,,95497
15,Software Engineer,Easy large be report represent defense with. Tonight hospital admit must.,Houston,1.0,8.0,Bachelor's,"AWS, Terraform, Kubernetes, SQL",2026-02-24,,137666
16,Business Analyst,Agent return material. Rate yes nothing civil. Policy artist hour single management step Mrs decision.,New York,3.0,6.0,PhD,"Terraform, Kubernetes, Kafka, Azure",2026-01-08,,162277
17,Software Engineer,Only new close east really apply. Shoulder these piece opportunity section.,Dallas,2.0,6.0,PhD,"Kafka, Kubernetes, Spark, Airflow",2025-10-16,,176813
18,BI Developer,Draw executive western result task service suffer. More before not bank ok. Center high for another say team.,Austin,1.0,5.0,PhD,"Terraform, Git, Airflow, SQL",2026-05-20,,81689
19,DevOps Engineer,Job them study poor. Lose color knowledge stage set response. Work degree wind forward Mrs.,Chicago,0.0,8.0,PhD,"Python, Spark, Docker, AWS",2026-02-23,,126416
20,Software Engineer,Success exist everyone. Finally eye easy relate production real. Could million present news economic politics.,Seattle,3.0,4.0,Master's,"Databricks, Azure, Terraform, Power BI",2025-08-15,,82670
21,Data Architect,In must maintain beat new. Majority often else. Reflect car east around or.,Seattle,3.0,8.0,Master's,"Git, Databricks, Python, Airflow",2026-04-08,,166883
22,DevOps Engineer,Environment production learn either base arrive. Any challenge size research professional past nor population.,Chicago,1.0,4.0,PhD,"Snowflake, Airflow, Terraform, Python",2025-07-27,,102665
23,BI Developer,Tv approach write operation that citizen. Standard pressure other wait strategy executive. Question wind stage.,Seattle,1.0,4.0,PhD,"Docker, Python, Spark, Snowflake",2026-05-21,,152297
24,Business Analyst,Simply like middle until item. Both great door however we.,Seattle,3.0,5.0,Master's,"Kubernetes, Docker, Databricks, Terraform",2025-08-12,,147276
25,ML Engineer,Every tax around evidence billion each. Be fine good together set side close. House offer rather compare production.,Austin,2.0,4.0,Bachelor's,"Azure, SQL, Snowflake, Kafka",2026-04-18,,166638
26,Data Analyst,Country out hear picture mission simple. Knowledge wife indicate system. Available safe image describe risk.,Seattle,0.0,6.0,Bachelor's,"Power BI, AWS, Databricks, Kafka",2025-07-10,,76745
27,Business Analyst,Order up campaign southern cell safe program great. Degree recognize over hour summer.,New York,3.0,7.0,Bachelor's,"SQL, Terraform, Power BI, AWS",2026-05-10,,128275
28,Data Engineer,Not central something town wife drive. Ball this partner approach character that wait. Determine lay job local home.,Seattle,2.0,6.0,Bachelor's,"SQL, Kafka, Git, Spark",2025-09-22,,88285
29,DevOps Engineer,Sister poor sort often. Back training environment they land become. Else western make.,Dallas,1.0,6.0,PhD,"Docker, Azure, Databricks, Terraform",2026-04-07,,99838
30,ML Engineer,Look structure again live while.,Chicago,0.0,8.0,Master's,"Kubernetes, Spark, Airflow, Power BI",2025-12-02,,112904
31,Data Architect,Service financial suggest down study sea. Could fast so long war interview.,New York,3.0,4.0,Bachelor's,"Power BI, Airflow, Python, SQL",2026-06-04,,84741
32,ML Engineer,Once movie trade rule success. Fund side so impact whose more letter.,Houston,2.0,7.0,Bachelor's,"Kafka, Databricks, Kubernetes, Docker",2026-01-30,,100649
33,BI Developer,Consider behavior least prove movie. Subject figure college fill.,New York,3.0,5.0,Master's,"Power BI, SQL, Databricks, Azure",2025-09-23,,174920
34,Software Engineer,Important president suddenly son return bad board nothing. According money few value reflect. Surface decide chance not machine raise recently. Policy and blue site summer last product.,New York,1.0,5.0,PhD,"Git, Snowflake, Spark, SQL",2025-09-23,,108638
35,Data Analyst,Forward goal usually would song onto. Staff forget energy south population. Many attorney eye wear simple guess many.,Chicago,0.0,5.0,Master's,"Terraform, Databricks, Power BI, Azure",2025-10-06,,115040
36,Cloud Engineer,Into turn lead remember serious central use. Already game off build.,Chicago,0.0,6.0,PhD,"AWS, Azure, Power BI, Git",2025-10-23,,165474
37,QA Engineer,Bed at do. Wrong down ok now computer east plan. Occur least suddenly weight. Move until piece none building federal seem carry.,New York,0.0,6.0,Bachelor's,"Azure, Terraform, Git, Spark",2025-07-09,,158063
38,Software Engineer,Morning reality ahead language. Effort method PM human majority.,Houston,3.0,5.0,PhD,"Python, Git, Terraform, Kubernetes",2025-07-10,,169657
39,QA Engineer,May answer skill give. Safe lose heavy within. Nature here station agreement office.,Houston,1.0,5.0,Master's,"Airflow, AWS, Kafka, Snowflake",2025-10-29,,160019
40,Data Analyst,Who discover conference personal. Call front federal.,New York,0.0,5.0,Bachelor's,"Python, Git, Databricks, Docker",2025-08-29,,106825
41,Cloud Engineer,According management young. Choose suddenly mind.,Dallas,1.0,6.0,Bachelor's,"AWS, Azure, Databricks, Airflow",2025-12-09,,173666
42,Cloud Engineer,Need collection cover security defense control. Direction low must. Require your war reality heavy.,New York,0.0,5.0,Master's,"Power BI, Python, Databricks, Azure",2026-03-22,,70933
43,Cloud Engineer,Nearly fill degree. Any end building pick either long. World general civil always.,New York,2.0,4.0,Master's,"Snowflake, Docker, Kubernetes, Kafka",2025-11-06,,168435
44,Software Engineer,Begin positive threat different you. Plant eight policy field score cultural specific.,Dallas,0.0,7.0,Master's,"Azure, Spark, Snowflake, Terraform",2025-10-18,,87713
45,BI Developer,Style matter kitchen manager hundred position. Sea ready offer either already performance. Time machine event.,Austin,1.0,8.0,Bachelor's,"AWS, Snowflake, Docker, Kafka",2026-02-13,,108925
46,Software Engineer,Night why authority. Push world win peace that article.,Austin,3.0,8.0,Master's,"Snowflake, Terraform, Git, AWS",2025-08-17,,132039
47,DevOps Engineer,Decision administration action. Shoulder spend security weight role. Drug research table old radio half either. Skill already before them early great.,Dallas,3.0,8.0,Bachelor's,"Python, Git, Snowflake, Databricks",2026-05-16,,164205
48,Data Analyst,Project door show nothing everybody story.,New York,1.0,5.0,PhD,"Terraform, Azure, Kubernetes, AWS",2025-11-15,,84077
49,Data Analyst,Item various free bring position.,Austin,3.0,6.0,Bachelor's,"Spark, Python, Power BI, SQL",2026-04-27,,157893
50,Cloud Engineer,West blood account black factor. Car throughout involve amount hospital along.,Austin,2.0,4.0,PhD,"Kafka, Docker, SQL, Databricks",2025-09-11,,179667
51,BI Developer,Term everyone long employee or.,Seattle,0.0,4.0,Master's,"AWS, Power BI, Terraform, Spark",2025-12-13,,139557
52,BI Developer,System health once medical here. Believe good would most official involve play.,Dallas,0.0,5.0,PhD,"Python, Kubernetes, Git, Terraform",2025-10-05,,142888
53,Cloud Engineer,Modern game few write seem after message. Believe within not require about.,Dallas,2.0,8.0,Master's,"Kafka, Snowflake, Docker, AWS",2026-03-11,,142893
54,Data Architect,Decision else employee about factor these every reflect. Challenge skill way picture.,Houston,3.0,4.0,Bachelor's,"Databricks, Terraform, Snowflake, Power BI",2025-11-10,,85904
55,ML Engineer,Less attention try spend level film. True beautiful general within perform age. Shoulder somebody camera west.,Seattle,1.0,7.0,PhD,"Azure, AWS, Airflow, Terraform",2025-08-05,,73256
56,ML Engineer,Old spring free various natural partner son. In difficult crime realize.,Houston,1.0,5.0,Bachelor's,"Azure, Python, Power BI, Docker",2026-01-22,,90017
57,Data Analyst,Sell machine institution join return environment baby child.,Austin,3.0,4.0,PhD,"Python, AWS, Docker, Azure",2026-05-04,,73724
58,Data Architect,Collection sport shoulder home.,Dallas,3.0,8.0,Master's,"Docker, Snowflake, SQL, Kubernetes",2025-09-02,,139335
59,Software Engineer,Reach human despite bar position example too green. Process capital phone list.,Dallas,3.0,5.0,Bachelor's,"Docker, Power BI, Python, Kubernetes",2025-10-10,,170622
60,Software Engineer,Offer much site top morning gas. Sort business stop film.,Chicago,0.0,7.0,Bachelor's,"Python, AWS, Snowflake, Airflow",2025-10-14,,153912
61,BI Developer,Accept fish from. Approach white Congress at small body nation.,Seattle,1.0,7.0,Bachelor's,"Spark, Docker, Kafka, Databricks",2026-03-21,,90543
62,Data Engineer,Would cover community item analysis seek. Themselves need network dark by discuss. Raise main account management.,Houston,0.0,5.0,Bachelor's,"Spark, Databricks, Docker, Kubernetes",2026-04-28,,78153
63,BI Developer,Last week American western five later phone. Spend attention play race today city others over.,Houston,1.0,5.0,Master's,"Kafka, SQL, Databricks, Git",2026-05-19,,86938
64,Software Engineer,Remain free great include garden positive five. Discover letter strong ever style push. Soon head performance community society raise. Reach white possible north affect.,Chicago,0.0,4.0,Bachelor's,"SQL, Kafka, Airflow, Snowflake",2025-11-30,,149824
65,Data Engineer,Material above system. Population audience how development clearly attention. Law model white information ability protect sign clearly.,Seattle,3.0,6.0,Bachelor's,"Terraform, Spark, Azure, Git",2026-03-21,,132337
66,Data Architect,Attorney discussion special effort seat floor magazine.,Dallas,2.0,4.0,Master's,"Power BI, Spark, Docker, SQL",2025-09-29,,155594
67,Software Engineer,Provide compare pass. Describe sound oil agreement term.,Chicago,0.0,7.0,Bachelor's,"Kafka, Airflow, Snowflake, Python",2025-12-22,,76122
68,Software Engineer,She up establish professor adult. Father seat push. Real drop support indeed charge.,Chicago,0.0,6.0,Bachelor's,"Docker, Kafka, Power BI, Airflow",2025-08-27,,120320
69,Cloud Engineer,Century color democratic too hair difference. Laugh computer about dream stage.,Austin,1.0,6.0,Bachelor's,"Docker, Kubernetes, Git, Python",2026-06-04,,176793
70,Business Analyst,Various read prove lead although usually half. All before size rule simply one age.,Seattle,1.0,5.0,PhD,"Git, Databricks, Kafka, Spark",2026-01-05,,85172
71,ML Engineer,Respond want money. Authority doctor not.,Austin,0.0,7.0,PhD,"Terraform, Azure, Spark, SQL",2025-08-28,,160398
72,DevOps Engineer,Behind professor thousand top thing investment. Training determine society water everyone maybe beautiful development.,Dallas,0.0,7.0,PhD,"Python, AWS, Airflow, Kubernetes",2026-03-11,,76365
73,BI Developer,Painting key single sell other test. Story form to.,Seattle,2.0,6.0,Master's,"Snowflake, Azure, Kafka, AWS",2025-12-21,,116728
74,ML Engineer,Course arrive player person. Despite case factor food our measure. What forget personal professor think.,Chicago,3.0,8.0,Master's,"AWS, Spark, Kafka, Git",2025-12-20,,98243
75,Software Engineer,Our management while organization budget later either. Result son way effort out.,New York,2.0,7.0,Bachelor's,"Azure, Terraform, AWS, Kafka",2025-11-03,,88422
76,Cloud Engineer,Big possible care thus table not. Measure find service again. Believe new chair.,Seattle,0.0,4.0,Bachelor's,"Git, Spark, Databricks, Kafka",2025-10-20,,95579
77,BI Developer,Daughter discover pick best cut suddenly hot goal. Only Democrat left agent society help part recent. Likely exist look nice whatever.,Seattle,1.0,5.0,Master's,"Snowflake, Spark, Azure, Kafka",2025-10-08,,178382
78,ML Engineer,Recently left keep that. Stay get wish left training author study.,New York,0.0,5.0,Bachelor's,"Git, Terraform, Kubernetes, Databricks",2025-10-05,,74097
79,BI Developer,Music tell why skill. Build hair evening trouble baby husband. Trial security goal from law learn.,Chicago,2.0,6.0,PhD,"Azure, Databricks, AWS, Power BI",2025-09-23,,95564
80,BI Developer,There scientist share cup late conference over. Husband key prove late attack girl participant. Force soon right executive.,Dallas,3.0,5.0,Bachelor's,"Kafka, Python, SQL, Azure",2025-12-13,,114731
81,ML Engineer,Wear authority relationship soldier writer. Cultural seat set begin hold.,Dallas,3.0,4.0,Bachelor's,"Git, Docker, Power BI, Kubernetes",2026-03-08,,105226
82,Business Analyst,Tax dinner later all party deep.,Chicago,3.0,5.0,PhD,"Databricks, Kubernetes, Kafka, AWS",2025-12-26,,131188
83,Cloud Engineer,Debate really car great land. If likely free seek pressure toward nothing. That town control option development course area.,Chicago,1.0,8.0,Bachelor's,"SQL, Docker, Airflow, Terraform",2026-05-09,,126347
84,ML Engineer,Nice civil accept road send thought poor. Animal table language. Catch star lot own in traditional.,Austin,1.0,8.0,Bachelor's,"Power BI, Airflow, Snowflake, Kafka",2026-04-18,,173310
85,BI Developer,By family establish wonder thought if than. Sure cold create computer feel successful behind. Major especially support.,New York,2.0,7.0,Bachelor's,"Snowflake, Python, Databricks, Docker",2026-03-14,,109916
86,Data Architect,After store hear gun home identify eight. Item hundred street material western. Statement somebody possible long section.,Houston,3.0,7.0,Bachelor's,"Git, Kubernetes, Spark, AWS",2025-11-28,,70268
87,Data Architect,Hour form significant. Anyone toward beat democratic play owner.,Seattle,3.0,5.0,Bachelor's,"AWS, SQL, Databricks, Spark",2026-04-27,,122869
88,Business Analyst,Option attack impact bad. Beat indicate once daughter. Option visit wall discover yourself light including.,Seattle,0.0,4.0,PhD,"Spark, SQL, Azure, AWS",2026-03-21,,159271
89,ML Engineer,Method several student wide same. Production artist move according grow tax wide wish.,Austin,3.0,8.0,Master's,"Kubernetes, Spark, Python, Snowflake",2025-09-08,,126481
90,DevOps Engineer,Often matter Congress difference hotel design new. Interview political carry whether.,Chicago,0.0,7.0,Bachelor's,"Git, Databricks, Power BI, Airflow",2026-01-02,,112250
91,Software Engineer,Claim fire whom. Experience main artist cover oil edge size.,Houston,3.0,5.0,Master's,"AWS, Kubernetes, Airflow, Terraform",2025-09-20,,131589
92,Cloud Engineer,Consumer scene write fear capital mention look whatever. Lawyer body movement information meeting expect.,Houston,0.0,6.0,Bachelor's,"SQL, Git, Spark, Snowflake",2026-02-06,,178186
93,Cloud Engineer,Material carry tax themselves. Prepare social mean quality moment spend. Green success into especially.,New York,3.0,4.0,Master's,"Git, Airflow, Python, Azure",2025-07-16,,104601
94,Cloud Engineer,Way occur model modern pass toward street. Many small clearly include country wall letter.,Houston,3.0,5.0,PhD,"Kafka, Git, Airflow, Snowflake",2026-01-08,,93153
95,Data Analyst,Loss lead fall current couple west same. Fight black ten technology thousand either all.,Houston,3.0,8.0,Bachelor's,"Databricks, Git, Azure, SQL",2026-01-05,,79773
96,ML Engineer,Attack place big discuss other. Voice care close available leader business. Nature reveal clear today difference.,Austin,3.0,5.0,Master's,"Kafka, Power BI, AWS, Kubernetes",2026-04-07,,82794
97,DevOps Engineer,Half you many near. Sell population force behind. Eat value serve beat oil.,Austin,3.0,8.0,Bachelor's,"Airflow, Git, AWS, Python",2025-09-03,,70103
98,Data Architect,Consumer stay collection rise election. Hard be itself interesting American perhaps determine.,Austin,0.0,7.0,Bachelor's,"Azure, Kafka, SQL, Terraform",2025-11-12,,142577
99,QA Engineer,Moment floor live investment national office TV. Seem describe member play blue middle.,Austin,2.0,5.0,PhD,"Azure, Snowflake, Git, Kubernetes",2026-06-05,,111157
100,Cloud Engineer,Third this throw culture people. Task eight how stay sport.,Houston,3.0,7.0,Master's,"Kubernetes, Snowflake, Databricks, Airflow",2026-01-20,,118340
